sep=;
Date;Bid;Ask;Opening price;High price;Low price;Closing price;Average price;Total volume;Turnover;Trades;
2021-11-19;1,66;1,675;1,73;1,73;1,65;1,67;1,68;81576724;137015972,55;57;
2021-11-18;1,705;1,71;1,69;1,73;1,665;1,71;1,712;31802238;54450109,63;37;
2021-11-17;1,68;1,69;1,69;1,70;1,665;1,68;1,679;10915081;18331005,29;44;
2021-11-16;1,69;1,70;1,71;1,71;1,675;1,69;1,685;28907570;48711385,51;43;
2021-11-15;1,705;1,72;1,73;1,755;1,705;1,705;1,735;29615585;51370783,55;62;
2021-11-12;1,71;1,72;1,665;1,73;1,65;1,73;1,695;74477714;126256562,99;72;
2021-11-11;1,69;1,70;1,72;1,72;1,69;1,69;1,702;39397205;67070522,94;48;
2021-11-10;1,71;1,735;1,77;1,77;1,71;1,723;1,728;27723206;47906146,33;53;
2021-11-09;1,755;1,77;1,78;1,80;1,755;1,765;1,79;178553906;319625511,38;68;
2021-11-08;1,745;1,79;1,70;1,79;1,70;1,76;1,753;103223850;180952743,9;67;
2021-11-05;1,68;1,70;1,725;1,73;1,66;1,70;1,695;136151205;230816292,79;112;
2021-11-04;1,73;1,75;1,78;1,78;1,71;1,73;1,74;171669915;298771156,82;98;
2021-11-03;1,78;1,795;1,80;1,82;1,78;1,78;1,799;114465272;205784247,84;106;
2021-11-02;1,76;1,79;1,76;1,79;1,74;1,78;1,769;161575125;286206363,96;74;
2021-11-01;1,74;1,75;1,74;1,77;1,72;1,745;1,747;97939749;171192455,4;87;
2021-10-29;1,73;1,75;1,74;1,76;1,72;1,75;1,739;150933432;262518609,15;77;
2021-10-28;1,735;1,755;1,77;1,77;1,70;1,74;1,746;32284532;56372554,34;59;
2021-10-27;1,77;1,785;1,75;1,795;1,73;1,77;1,765;82240708;145171575,17;73;
2021-10-26;1,755;1,775;1,835;1,86;1,75;1,755;1,814;138563564;251372871,76;123;
2021-10-25;1,83;1,85;1,82;1,85;1,795;1,83;1,844;453650083;837465492,86;118;
2021-10-22;1,805;1,81;1,77;1,85;1,755;1,81;1,803;448997882;809461950,09;149;
2021-10-21;1,75;1,765;1,75;1,785;1,715;1,765;1,766;549099461;969547903,31;302;
2021-10-20;1,68;1,695;1,69;1,70;1,675;1,68;1,686;16133852;27191099,42;59;
2021-10-19;1,69;1,70;1,73;1,74;1,675;1,70;1,708;71486139;122105040,76;84;
2021-10-18;1,73;1,735;1,72;1,75;1,72;1,73;1,739;472927166;820225760,03;249;
2021-10-15;1,68;1,69;1,65;1,69;1,65;1,69;1,685;104531093;176123488,01;89;
2021-10-14;1,65;1,655;1,64;1,67;1,64;1,65;1,654;49643574;82055289,72;51;
2021-10-13;1,635;1,65;1,61;1,66;1,61;1,66;1,637;112529926;182911456,59;64;
2021-10-12;1,59;1,61;1,62;1,62;1,59;1,61;1,601;68229747;109254803,65;45;
2021-10-11;1,63;1,64;1,65;1,65;1,62;1,64;1,632;15213372;24826693,22;46;
2021-10-08;1,65;1,67;1,69;1,69;1,65;1,66;1,666;40185285;66960922,23;90;
2021-10-07;1,68;1,69;1,63;1,70;1,63;1,69;1,665;239345529;398696836,83;173;
2021-10-06;1,615;1,63;1,60;1,64;1,595;1,63;1,615;83877928;135442428,06;68;
2021-10-05;1,58;1,60;1,64;1,64;1,58;1,60;1,614;159651983;257369610,91;92;
2021-10-04;1,60;1,64;1,52;1,65;1,50;1,62;1,558;606915105;956098809,79;178;
2021-10-01;1,51;1,52;1,50;1,53;1,49;1,52;1,507;47401542;71445368,91;55;
2021-09-30;1,505;1,525;1,49;1,525;1,47;1,525;1,496;95251552;143074340,92;68;
2021-09-29;1,47;1,49;1,50;1,50;1,47;1,485;1,487;23492971;34939659,67;29;
2021-09-28;1,47;1,51;1,47;1,52;1,47;1,49;1,488;78400110;116654430,62;56;
2021-09-27;1,47;1,48;1,48;1,52;1,48;1,49;1,498;57168999;85608868,89;76;
2021-09-24;1,465;1,47;1,46;1,48;1,46;1,465;1,468;17268099;25306889,67;29;
2021-09-23;1,46;1,47;1,47;1,50;1,46;1,46;1,478;19117635;28255464,98;26;
2021-09-22;1,47;1,475;1,48;1,48;1,46;1,475;1,47;40132630;58994630,7;31;
2021-09-21;1,45;1,465;1,50;1,52;1,45;1,45;1,487;49607762;73752334,89;95;
2021-09-20;1,47;1,475;1,43;1,475;1,33;1,475;1,438;230549044;331637556,43;172;
2021-09-17;1,43;1,44;1,47;1,47;1,42;1,44;1,427;108361057;154629532,12;47;
2021-09-16;1,455;1,465;1,46;1,47;1,44;1,455;1,456;16138110;23516092,22;26;
2021-09-15;1,44;1,46;1,48;1,50;1,44;1,45;1,465;83215972;121926074,95;54;
2021-09-14;1,46;1,48;1,48;1,48;1,46;1,47;1,466;17194093;25212626,54;25;
2021-09-13;1,46;1,48;1,47;1,50;1,46;1,46;1,486;53594822;79652809,88;50;
2021-09-10;1,47;1,48;1,49;1,49;1,47;1,48;1,477;16272054;24038994,81;23;
2021-09-09;1,47;1,48;1,49;1,50;1,47;1,48;1,491;32632708;48651836,04;28;
2021-09-08;1,49;1,50;1,47;1,51;1,47;1,50;1,491;94000590;140113825,44;60;
2021-09-07;1,47;1,485;1,49;1,50;1,47;1,47;1,487;153581153;228294478,46;75;
2021-09-06;1,46;1,47;1,45;1,47;1,44;1,47;1,453;117854456;171227065,38;55;
2021-09-03;1,44;1,45;1,43;1,465;1,42;1,44;1,442;26665955;38453275,45;33;
2021-09-02;1,43;1,44;1,415;1,45;1,415;1,43;1,432;34909415;50061009,72;57;
2021-09-01;1,43;1,44;1,44;1,44;1,42;1,43;1,431;27540515;39397608,92;58;
2021-08-31;1,435;1,45;1,46;1,46;1,415;1,435;1,438;44301867;63701064,41;63;
2021-08-30;1,46;1,47;1,45;1,48;1,44;1,47;1,464;138300579;202444138,02;60;
2021-08-27;1,44;1,45;1,425;1,46;1,425;1,44;1,447;32902446;47613941,77;49;
2021-08-26;1,44;1,45;1,45;1,45;1,43;1,43;1,443;4550651;6567543,31;26;
2021-08-25;1,44;1,45;1,45;1,45;1,43;1,45;1,446;32437846;46887425,48;38;
2021-08-24;1,45;1,465;1,435;1,47;1,435;1,45;1,452;58532688;85003418,55;33;
2021-08-23;1,42;1,435;1,44;1,44;1,41;1,435;1,43;79164747;113191605,01;26;
2021-08-20;1,44;1,45;1,41;1,46;1,41;1,44;1,448;76266126;110322621,96;24;
2021-08-19;1,41;1,44;1,44;1,50;1,41;1,41;1,445;92789430;134047615,29;68;
2021-08-18;1,44;1,46;1,44;1,46;1,42;1,44;1,443;24722493;35684772,85;46;
2021-08-17;1,40;1,45;1,49;1,49;1,39;1,445;1,426;282254012;400566095,41;122;
2021-08-16;1,48;1,49;1,47;1,49;1,47;1,48;1,48;6752158;9995261,38;26;
2021-08-13;1,47;1,50;1,50;1,50;1,46;1,50;1,478;47592636;70327967,22;51;
2021-08-12;1,50;1,515;1,53;1,53;1,485;1,50;1,509;80325505;121203525,56;55;
2021-08-11;1,52;1,54;1,49;1,54;1,49;1,54;1,515;69011801;104567246,99;54;
2021-08-10;1,47;1,485;1,46;1,50;1,45;1,48;1,472;27398482;40334506,13;40;
2021-08-09;1,46;1,48;1,48;1,49;1,46;1,46;1,478;11207414;16563439,39;46;
2021-08-06;1,47;1,475;1,48;1,49;1,45;1,475;1,472;38363340;56473215,39;64;
2021-08-05;1,48;1,495;1,54;1,545;1,475;1,48;1,508;41688608;62862163,8;71;
2021-08-04;1,525;1,54;1,535;1,545;1,525;1,525;1,537;17646700;27081168,93;45;
2021-08-03;1,54;1,55;1,545;1,55;1,525;1,54;1,543;42960994;66283173,8;52;
2021-07-30;1,53;1,545;1,51;1,55;1,51;1,53;1,525;11635472;17751512,29;48;
2021-07-29;1,51;1,53;1,47;1,63;1,47;1,51;1,513;34762892;52574844,93;42;
2021-07-28;1,47;1,49;1,465;1,475;1,44;1,47;1,46;66488755;97094447,96;65;
2021-07-27;1,46;1,465;1,44;1,465;1,44;1,465;1,459;11408541;16642586,79;30;
2021-07-26;1,435;1,45;1,50;1,50;1,40;1,435;1,455;28295867;41165300,84;56;
2021-07-23;1,51;1,53;1,44;1,63;1,44;1,51;1,538;152927615;235190586,84;80;
2021-07-22;1,425;1,43;1,44;1,45;1,40;1,43;1,422;64605225;91887158,02;103;
2021-07-21;1,44;1,455;1,50;1,52;1,44;1,44;1,468;58908860;86459589,44;90;
2021-07-20;1,50;1,52;1,48;1,54;1,47;1,50;1,502;67621980;101539848,57;97;
2021-07-19;1,48;1,50;1,53;1,53;1,40;1,50;1,495;172306082;257941277,18;124;
2021-07-16;1,54;1,55;1,52;1,56;1,50;1,54;1,536;64866832;99605860,88;75;
2021-07-15;1,575;1,59;1,62;1,62;1,56;1,58;1,582;60667930;95983529,63;93;
2021-07-14;1,62;1,635;1,655;1,67;1,615;1,635;1,646;20265784;33359941,09;64;
2021-07-13;1,66;1,68;1,68;1,70;1,655;1,67;1,679;21692729;36420285,62;61;
2021-07-12;1,68;1,695;1,69;1,70;1,67;1,69;1,69;35207300;59483123,38;64;
2021-07-09;1,69;1,70;1,665;1,70;1,63;1,70;1,673;35536985;59578099,36;65;
2021-07-08;1,65;1,66;1,65;1,66;1,63;1,66;1,645;16547555;27223807,78;40;
2021-07-07;1,635;1,65;1,64;1,67;1,63;1,63;1,645;8362286;13755586,85;39;
2021-07-06;1,63;1,64;1,66;1,66;1,63;1,63;1,647;24687610;40651714,29;45;
2021-07-05;1,65;1,66;1,69;1,69;1,65;1,66;1,665;31805706;52943803,18;72;
2021-07-02;1,69;1,70;1,69;1,70;1,65;1,69;1,676;203675353;342149864,3;109;
2021-07-01;1,675;1,68;1,67;1,68;1,66;1,68;1,675;79888592;133760508,92;70;
2021-06-30;1,67;1,68;1,58;1,70;1,58;1,67;1,662;358744426;596512244,6;144;
2021-06-29;1,58;1,61;1,59;1,60;1,57;1,60;1,574;91054810;143330636,11;63;
2021-06-28;1,585;1,60;1,66;1,66;1,58;1,58;1,605;147314993;236442439,47;99;
2021-06-25;1,64;1,65;1,58;1,65;1,57;1,64;1,602;264677198;424016594,47;241;
2021-06-24;1,56;1,57;1,60;1,70;1,55;1,57;1,603;240025497;386088538,31;245;
2021-06-23;1,44;1,46;1,40;1,52;1,38;1,46;1,439;101045942;145353778,08;54;
2021-06-22;1,39;1,40;1,47;1,47;1,39;1,40;1,407;162004286;227946886,85;108;
2021-06-21;1,44;1,455;1,47;1,475;1,44;1,455;1,463;87774335;128317658,75;95;
2021-06-18;1,43;1,44;1,38;1,44;1,37;1,44;1,408;205003505;288850812,45;79;
2021-06-16;1,36;1,37;1,39;1,40;1,36;1,36;1,385;42111228;58308515,48;77;
2021-06-15;1,37;1,385;1,40;1,40;1,355;1,385;1,379;60129052;82923537,53;75;
2021-06-14;1,395;1,40;1,45;1,45;1,395;1,40;1,417;47961948;67937326,94;80;
2021-06-11;1,44;1,445;1,46;1,47;1,44;1,44;1,449;25842007;37456024,72;60;
2021-06-10;1,45;1,46;1,50;1,50;1,41;1,46;1,455;41761970;60750405,02;67;
2021-06-09;1,48;1,49;1,49;1,49;1,47;1,49;1,485;9368920;13915076,26;34;
2021-06-08;1,48;1,49;1,50;1,50;1,48;1,49;1,482;109381134;162061809,25;51;
2021-06-07;1,48;1,485;1,50;1,52;1,47;1,485;1,493;45794746;68374147,5;69;
2021-06-04;1,48;1,495;1,51;1,525;1,48;1,495;1,499;163493862;245017644,88;57;
2021-06-03;1,48;1,50;1,55;1,55;1,48;1,495;1,497;173197878;258974048,03;94;
2021-06-02;1,54;1,55;1,54;1,57;1,54;1,55;1,558;26697953;41604878,07;55;
2021-06-01;1,54;1,55;1,57;1,59;1,53;1,54;1,565;160148124;253116710,31;72;
2021-05-31;1,56;1,57;1,60;1,62;1,57;1,57;1,59;32818545;52217727,4;58;
2021-05-28;1,59;1,61;1,60;1,61;1,58;1,59;1,60;31985917;51169729,07;48;
2021-05-27;1,60;1,62;1,66;1,66;1,60;1,60;1,621;49338289;79818252,22;50;
2021-05-26;1,63;1,65;1,66;1,68;1,65;1,65;1,668;47672771;79514728,31;56;
2021-05-25;1,65;1,66;1,63;1,66;1,63;1,66;1,654;26848530;44409471,8;32;
2021-05-21;1,63;1,64;1,61;1,65;1,61;1,62;1,622;60150506;97581826,36;54;
2021-05-20;1,60;1,61;1,62;1,62;1,585;1,61;1,601;48082490;76995784,07;55;
2021-05-19;1,62;1,63;1,61;1,645;1,61;1,61;1,624;12329346;20018605,77;46;
2021-05-18;1,61;1,63;1,63;1,65;1,58;1,61;1,601;59219730;94781267,67;58;
2021-05-17;1,63;1,64;1,65;1,66;1,62;1,64;1,642;62604091;102830989,48;81;
2021-05-14;1,64;1,65;1,68;1,69;1,65;1,65;1,672;29746998;49732007,34;70;
2021-05-12;1,67;1,675;1,63;1,675;1,62;1,67;1,643;172872174;283996307,6;85;
2021-05-11;1,60;1,62;1,64;1,64;1,60;1,62;1,621;20461850;33164903,95;44;
2021-05-10;1,635;1,64;1,66;1,66;1,635;1,64;1,641;53516412;87808754,75;55;
2021-05-07;1,63;1,64;1,65;1,65;1,63;1,64;1,644;8500440;13968188,87;40;
2021-05-06;1,62;1,63;1,65;1,65;1,62;1,63;1,628;21883048;35618419,6;33;
2021-05-05;1,635;1,65;1,63;1,65;1,62;1,65;1,636;29717892;48628398,83;55;
2021-05-04;1,62;1,63;1,65;1,68;1,62;1,63;1,658;46599763;77261981,79;81;
2021-05-03;1,64;1,65;1,63;1,68;1,61;1,65;1,644;114517240;188267744,96;138;
2021-04-30;1,61;1,62;1,61;1,67;1,54;1,62;1,593;141303728;225135950,52;120;
2021-04-29;1,60;1,62;1,68;1,70;1,60;1,625;1,629;64263115;104615330,96;88;
2021-04-28;1,65;1,67;1,65;1,70;1,645;1,67;1,676;73620619;123389964,63;121;
2021-04-27;1,63;1,645;1,65;1,66;1,62;1,63;1,634;54085226;88373259,57;57;
2021-04-26;1,63;1,65;1,57;1,68;1,57;1,63;1,643;350980271;576580892,46;160;
2021-04-23;1,56;1,57;1,56;1,57;1,525;1,57;1,544;88079419;135972960,68;91;
2021-04-21;1,53;1,575;1,44;1,58;1,44;1,575;1,488;302376770;450216368,39;171;
2021-04-20;1,40;1,41;1,43;1,435;1,395;1,40;1,416;72012888;101944354,29;37;
2021-04-19;1,41;1,425;1,43;1,43;1,40;1,425;1,409;17894385;25216365,55;48;
2021-04-16;1,42;1,45;1,40;1,45;1,40;1,45;1,42;100197429;142479509,57;70;
2021-04-15;1,39;1,395;1,40;1,40;1,39;1,39;1,393;6135714;8546482,77;20;
2021-04-14;1,38;1,39;1,39;1,40;1,37;1,40;1,387;95792037;132895859,69;64;
2021-04-13;1,42;1,44;1,375;1,43;1,36;1,43;1,385;105711751;146368978,39;85;
2021-04-12;1,37;1,375;1,41;1,41;1,35;1,375;1,372;160147423;219642779,23;88;
2021-04-09;1,39;1,40;1,43;1,43;1,36;1,40;1,388;92747697;128771191,63;94;
2021-04-08;1,40;1,42;1,47;1,47;1,40;1,42;1,43;143784147;205660967,43;61;
2021-04-07;1,46;1,47;1,47;1,48;1,46;1,47;1,47;18079497;26576788,6;52;
2021-04-06;1,45;1,46;1,40;1,46;1,40;1,46;1,445;167280488;241678796,71;88;
2021-03-31;1,395;1,40;1,41;1,41;1,395;1,40;1,402;38844194;54442349,31;69;
2021-03-30;1,40;1,41;1,38;1,42;1,38;1,41;1,401;55917024;78354333,94;36;
2021-03-29;1,36;1,37;1,35;1,38;1,325;1,37;1,354;55632000;75340265,82;61;
2021-03-26;1,33;1,35;1,375;1,43;1,345;1,345;1,385;74083284;102786569,16;81;
2021-03-25;1,36;1,37;1,30;1,39;1,30;1,375;1,335;63055454;84158166,83;97;
2021-03-24;1,30;1,32;1,38;1,38;1,28;1,30;1,312;232749857;305350348,03;218;
2021-03-23;1,39;1,40;1,40;1,405;1,39;1,39;1,397;21202728;29611999,05;64;
2021-03-22;1,40;1,41;1,46;1,46;1,40;1,40;1,429;59602824;85189187,01;95;
2021-03-19;1,43;1,44;1,45;1,46;1,425;1,44;1,441;37550722;54120413,73;59;
2021-03-18;1,45;1,46;1,48;1,48;1,45;1,46;1,47;40167813;59058218,05;79;
2021-03-17;1,47;1,50;1,45;1,52;1,45;1,50;1,495;185568519;277322682,82;160;
2021-03-16;1,36;1,415;1,33;1,48;1,31;1,415;1,357;122633417;166355741,11;161;
2021-03-15;1,32;1,335;1,38;1,38;1,315;1,335;1,342;81001454;108673383;95;
2021-03-12;1,365;1,38;1,37;1,38;1,36;1,38;1,371;80738227;110665184,92;80;
2021-03-11;1,36;1,37;1,39;1,39;1,36;1,37;1,378;22162236;30532606,75;55;
2021-03-10;1,36;1,38;1,43;1,43;1,37;1,38;1,392;51916488;72271767,06;53;
2021-03-09;1,40;1,425;1,45;1,45;1,40;1,425;1,424;11158535;15893502,42;40;
2021-03-08;1,44;1,45;1,43;1,455;1,41;1,44;1,441;31496585;45393330,26;64;
2021-03-05;1,42;1,435;1,39;1,435;1,37;1,42;1,413;75626714;106936085,15;82;
2021-03-04;1,38;1,395;1,33;1,41;1,325;1,38;1,373;97214440;134317376,58;152;
2021-03-03;1,34;1,37;1,44;1,45;1,30;1,345;1,372;161316825;221051486,84;124;
2021-03-02;1,42;1,43;1,46;1,46;1,37;1,43;1,399;143802220;201147165,78;173;
2021-03-01;1,45;1,47;1,48;1,48;1,455;1,465;1,466;32451649;47579226,37;102;
2021-02-26;1,45;1,46;1,46;1,48;1,45;1,465;1,462;33484638;48966418,35;78;
2021-02-25;1,46;1,47;1,49;1,50;1,46;1,46;1,48;19193500;28408197,29;56;
2021-02-24;1,49;1,50;1,52;1,53;1,49;1,49;1,512;53599933;81019157,18;63;
2021-02-23;1,51;1,52;1,495;1,57;1,49;1,52;1,514;61634757;93341937,24;72;
2021-02-22;1,47;1,48;1,50;1,50;1,45;1,48;1,476;48123495;71041242,66;80;
2021-02-19;1,49;1,50;1,52;1,52;1,50;1,50;1,505;67773620;101947132;97;
2021-02-18;1,52;1,53;1,555;1,555;1,50;1,53;1,515;85840089;130175695,97;126;
2021-02-17;1,56;1,58;1,575;1,61;1,56;1,57;1,582;56642934;89631507,47;97;
2021-02-16;1,56;1,57;1,49;1,58;1,49;1,565;1,547;167981712;259790404,18;161;
2021-02-15;1,46;1,48;1,515;1,515;1,46;1,48;1,48;175527575;259758953,03;257;
2021-02-12;1,51;1,52;1,46;1,52;1,38;1,52;1,433;231693808;332053377,26;316;
2021-02-11;1,44;1,46;1,60;1,60;1,45;1,46;1,499;339496390;508384111,55;376;
2021-02-10;1,59;1,595;1,55;1,60;1,48;1,595;1,558;348891419;543402083,11;526;
2021-02-09;1,79;1,80;1,84;1,84;1,775;1,80;1,814;235636191;427472535,93;410;
2021-02-08;1,81;1,83;1,865;1,90;1,81;1,84;1,857;292925215;543516208,48;444;
2021-02-05;1,81;1,825;1,86;1,86;1,80;1,825;1,825;273020056;498295160,61;302;
2021-02-04;1,80;1,81;1,79;1,815;1,785;1,81;1,801;217117406;390926338,42;208;
2021-02-03;1,76;1,775;1,77;1,79;1,75;1,775;1,773;222820699;394725726,77;257;
2021-02-02;1,74;1,75;1,72;1,79;1,72;1,75;1,75;345497521;604489502,27;256;
2021-02-01;1,69;1,70;1,69;1,71;1,67;1,70;1,694;107327755;181851499,32;156;
2021-01-29;1,67;1,685;1,69;1,69;1,66;1,685;1,675;43155730;72281030,91;84;
2021-01-28;1,67;1,685;1,63;1,70;1,605;1,685;1,66;153588413;255769440,9;82;
2021-01-27;1,62;1,63;1,66;1,68;1,63;1,63;1,653;77457300;128008040,87;78;
2021-01-26;1,64;1,65;1,60;1,65;1,58;1,65;1,632;152843203;249450918,01;77;
2021-01-25;1,59;1,605;1,57;1,61;1,52;1,60;1,586;160430140;254535191,12;102;
2021-01-22;1,66;1,675;1,63;1,675;1,60;1,675;1,636;310235193;511937649,28;95;
2021-01-21;1,63;1,64;1,67;1,67;1,63;1,64;1,639;177269688;290470361,44;81;
2021-01-20;1,63;1,67;1,59;1,69;1,57;1,67;1,632;242004587;394912708,93;121;
2021-01-19;1,58;1,59;1,58;1,60;1,55;1,59;1,581;78423610;124074500,44;100;
2021-01-18;1,54;1,58;1,51;1,59;1,51;1,56;1,55;256680547;397664639,35;93;
2021-01-15;1,50;1,515;1,58;1,58;1,50;1,50;1,517;122275700;185127290,96;89;
2021-01-14;1,56;1,58;1,54;1,58;1,54;1,58;1,555;53421738;83045584,29;75;
2021-01-13;1,52;1,53;1,51;1,53;1,48;1,53;1,502;61585375;92493098,44;75;
2021-01-12;1,495;1,50;1,53;1,60;1,49;1,49;1,513;118859806;179640007,87;129;
2021-01-11;1,49;1,50;1,59;1,59;1,46;1,50;1,501;221126414;331969776,02;207;
2021-01-08;1,57;1,575;1,625;1,625;1,55;1,575;1,582;123546314;195480546,39;161;
2021-01-07;1,625;1,63;1,72;1,72;1,62;1,63;1,653;103088936;170423088,22;136;
2021-01-06;1,70;1,71;1,735;1,735;1,65;1,71;1,689;53853988;90972526,02;87;
2021-01-05;1,70;1,72;1,75;1,75;1,68;1,72;1,712;85714292;146756223,18;129;
2021-01-04;1,74;1,76;1,67;1,80;1,67;1,735;1,749;324146085;563282239,89;245;
2020-12-30;1,64;1,65;1,695;1,70;1,64;1,64;1,673;142651101;237747863,97;156;
2020-12-29;1,67;1,685;1,65;1,705;1,65;1,685;1,683;235832940;396398671,3;162;
2020-12-28;1,63;1,64;1,62;1,65;1,62;1,63;1,637;166556851;272723919,38;162;
2020-12-23;1,57;1,58;1,605;1,625;1,57;1,57;1,602;51858709;83063034,7;82;
2020-12-22;1,575;1,595;1,55;1,64;1,55;1,595;1,595;145594523;232191040,73;115;
2020-12-21;1,52;1,54;1,54;1,55;1,48;1,54;1,521;127646395;193922051,35;184;
2020-12-18;1,58;1,595;1,49;1,595;1,49;1,59;1,563;149247221;233238741,97;164;
2020-12-17;1,48;1,49;1,60;1,60;1,41;1,49;1,508;345424485;520907797,07;349;
2020-12-16;1,58;1,60;1,72;1,72;1,58;1,60;1,647;144233157;237498245,43;159;
2020-12-15;1,70;1,725;1,80;1,80;1,685;1,70;1,727;174472993;301666782,44;162;
2020-12-14;1,77;1,79;1,735;1,79;1,735;1,78;1,759;167704826;294990038,6;192;
2020-12-11;1,70;1,73;1,78;1,78;1,62;1,71;1,713;324447598;555696043,5;350;
2020-12-10;1,77;1,81;1,85;1,91;1,77;1,79;1,876;532151665;997668687,46;738;
2020-12-09;1,82;1,845;1,725;1,85;1,725;1,84;1,787;396681688;709020372,87;465;
2020-12-08;1,70;1,71;1,79;1,79;1,69;1,71;1,718;566074796;972366512,73;488;
2020-12-07;1,64;1,69;1,605;1,69;1,60;1,69;1,615;395862942;640937128,42;287;
2020-12-04;1,58;1,59;1,58;1,62;1,57;1,58;1,592;529462204;843174020,91;425;
2020-12-03;1,52;1,55;1,415;1,55;1,41;1,55;1,442;286443570;412914535,93;147;
2020-12-02;1,40;1,41;1,43;1,45;1,40;1,41;1,418;144905087;205481342,54;101;
2020-12-01;1,39;1,41;1,42;1,42;1,40;1,40;1,408;104600564;146717100,69;86;
2020-11-30;1,40;1,41;1,41;1,41;1,40;1,40;1,403;52990841;74343107,67;46;
2020-11-27;1,40;1,41;1,41;1,42;1,39;1,40;1,402;159836950;223941120,55;80;
2020-11-26;1,39;1,41;1,42;1,42;1,40;1,40;1,406;233457617;328144003,66;111;
2020-11-25;1,41;1,42;1,47;1,47;1,41;1,41;1,447;143395141;206209570,09;96;
2020-11-24;1,44;1,45;1,42;1,46;1,42;1,46;1,44;89671012;129237833,02;115;
2020-11-23;1,39;1,40;1,43;1,43;1,40;1,40;1,407;129773463;182558470,49;119;
2020-11-20;1,41;1,42;1,47;1,48;1,38;1,42;1,433;243634488;349047166,99;214;
2020-11-19;1,45;1,46;1,40;1,47;1,38;1,46;1,407;505786461;710736740,65;211;
2020-11-18;1,37;1,40;1,37;1,40;1,33;1,40;1,363;380089039;517907577,39;198;
2020-11-17;1,35;1,36;1,37;1,38;1,35;1,36;1,371;190738406;261755484,17;188;
2020-11-16;1,35;1,36;1,35;1,39;1,35;1,36;1,366;689921503;941672818,87;274;
2020-11-13;1,28;1,30;1,26;1,30;1,20;1,30;1,233;388317000;478824940;113;
2020-11-12;1,26;1,27;1,38;1,38;1,26;1,26;1,312;184634553;242435237,26;191;
2020-11-11;1,35;1,37;1,29;1,40;1,29;1,37;1,352;511030985;689830560,64;360;
2020-11-10;1,21;1,26;1,14;1,30;1,13;1,26;1,208;399730820;483485246,49;345;
2020-11-09;1,08;1,10;0,92;1,15;0,92;1,10;1,035;250933847;259713614,5;175;
2020-11-06;0,89;0,90;0,90;0,90;0,88;0,90;0,889;27805812;24723117,88;30;
2020-11-05;0,89;0,90;0,91;0,92;0,90;0,90;0,905;31764140;28737186,29;19;
2020-11-04;0,91;0,92;0,92;0,92;0,91;0,91;0,919;5183386;4762665,12;12;
2020-11-03;0,93;0,94;0,88;0,94;0,88;0,94;0,92;47805763;43989061,96;41;
2020-11-02;0,88;0,89;0,90;0,90;0,89;0,89;0,894;21386373;19127532,72;31;
2020-10-30;0,89;0,90;0,91;0,91;0,89;0,90;0,902;13353666;12043819,4;22;
2020-10-29;0,90;0,91;0,91;0,91;0,91;0,91;0,91;13653352;12424550,32;21;
2020-10-28;0,90;0,91;0,94;0,94;0,91;0,91;0,918;31718986;29110570,08;32;
2020-10-27;0,93;0,95;0,95;0,96;0,94;0,95;0,95;72878239;68832594,66;24;
2020-10-26;0,92;0,93;0,94;0,94;0,92;0,93;0,933;27780371;25929145,03;21;
2020-10-23;0,94;0,95;0,95;0,95;0,94;0,95;0,947;15512000;14693980;21;
2020-10-22;0,95;0,96;0,95;0,96;0,94;0,95;0,95;9733417;9245808,65;22;
2020-10-21;0,94;0,95;0,96;0,96;0,94;0,94;0,949;10886486;10330912,84;24;
2020-10-20;0,94;0,95;0,94;0,95;0,94;0,94;0,943;9755009;9194558,55;18;
2020-10-19;0,94;0,95;0,95;0,95;0,94;0,95;0,95;13916000;13219200;16;
2020-10-16;0,95;0,97;0,97;0,99;0,95;0,96;0,97;501880059;442631600,56;50;
2020-10-15;0,94;0,95;0,95;0,95;0,94;0,94;0,941;12932360;12173105,83;15;
2020-10-14;0,95;0,96;0,97;0,97;0,95;0,95;0,959;20081799;19252809,2;33;
2020-10-13;0,95;0,96;0,95;0,96;0,95;0,96;0,96;9498000;9117970;14;
2020-10-12;0,95;0,96;0,96;0,96;0,95;0,95;0,956;5377500;5140245;19;
2020-10-09;0,95;0,96;0,97;0,98;0,95;0,96;0,961;53564500;51491390;35;
2020-10-08;0,95;0,96;0,91;0,97;0,91;0,97;0,938;80929000;75894370;55;
2020-10-07;0,88;0,90;0,88;0,90;0,88;0,90;0,888;23374918;20755563,79;27;
2020-10-06;0,88;0,90;0,86;0,90;0,85;0,90;0,866;52537000;45471600;62;
2020-10-05;0,86;0,87;0,92;0,92;0,86;0,87;0,876;82248091;72044660,62;76;
2020-10-02;0,90;0,92;0,93;0,94;0,90;0,91;0,917;92021091;84348814,63;71;
2020-10-01;0,93;0,94;0,98;0,98;0,93;0,93;0,945;62898434;59460571,62;94;
2020-09-30;0,96;0,98;0,99;0,99;0,93;0,98;0,958;222640354;219612623,9;86;
2020-09-29;0,96;0,98;1,10;1,10;0,95;0,95;0,999;25796008;25776125,52;59;
2020-09-28;1,03;1,05;1,11;1,16;1,00;1,03;1,061;14910690;15819709,7;35;
2020-09-25;1,09;1,11;1,14;1,14;1,10;1,11;1,118;23000000;25702200;32;
2020-09-24;1,14;1,15;1,16;1,16;1,14;1,14;1,142;3430517;3917759,38;18;
2020-09-23;1,14;1,18;1,15;1,18;1,15;1,18;1,163;5714000;6646380;9;
2020-09-22;1,15;1,17;1,20;1,20;1,15;1,15;1,184;7554000;8941197,5;17;
2020-09-21;1,18;1,20;1,25;1,30;1,17;1,17;1,201;9960939;11966488,61;35;
2020-09-18;1,16;1,22;1,40;1,40;1,15;1,20;1,272;20975690;26636584,6;60;
2020-09-17;1,17;1,39;1,10;1,20;1,10;1,20;1,128;1692334;1968400,8;9;
2020-09-16;1,10;1,15;1,17;1,17;1,01;1,10;1,134;2937505;3329592,85;16;
2020-09-15;1,10;1,16;1,25;1,25;1,00;1,17;1,126;6758953;7611935,01;31;
2020-09-14;1,25;1,35;1,30;1,30;1,25;1,25;1,272;5052907;6428195,25;13;
2020-09-11;1,20;1,21;1,20;1,30;1,15;1,22;1,22;1857569;2265981,61;12;
2020-09-10;1,20;1,25;1,25;1,25;1,19;1,20;1,217;3435000;4180050;11;
2020-09-09;1,08;1,24;1,17;1,24;1,15;1,24;1,199;2266400;2718102;12;
2020-09-08;1,15;1,20;1,20;1,20;1,15;1,15;1,192;7548246;9000147,81;31;
2020-09-07;1,15;1,18;1,20;1,20;1,00;1,18;1,146;4741257;5439193,99;34;
2020-09-04;1,11;1,15;1,19;1,19;0,98;1,15;1,107;2437045;2698576,32;17;
2020-09-03;1,15;1,19;1,16;1,19;1,16;1,19;1,182;1328084;1569681,21;12;
2020-09-02;1,12;1,17;1,17;1,20;1,15;1,17;1,155;8195540;9463458,64;29;
2020-09-01;1,05;1,15;1,15;1,15;1,10;1,15;1,144;1322500;1512646,44;13;
2020-08-31;1,10;1,17;1,13;1,19;1,13;1,18;1,153;3390000;3907100;9;
2020-08-28;1,10;1,15;1,10;1,16;1,10;1,15;1,131;2516797;2845948,4;15;
2020-08-27;1,08;1,15;1,10;1,15;1,10;1,10;1,112;3499917;3892200,64;15;
2020-08-26;1,07;1,12;1,15;1,15;1,00;1,10;1,093;2347856;2564955,84;15;
2020-08-25;1,10;1,14;1,20;1,20;1,15;1,15;1,151;1339000;1541350;8;
2020-08-24;1,14;1,17;1,20;1,20;1,13;1,15;1,152;2410263;2776422,19;13;
2020-08-21;1,05;1,13;1,19;1,19;1,10;1,10;1,145;2196000;2515390;22;
2020-08-20;1,15;1,20;1,24;1,24;1,15;1,19;1,183;6832916;8083610,16;39;
2020-08-19;1,05;1,15;1,22;1,24;1,10;1,15;1,19;5110917;6081776,43;44;
2020-08-18;1,17;1,22;1,30;1,30;0,90;1,18;1,152;24185109;27857606,66;157;
2020-08-17;1,64;1,74;1,62;1,75;1,62;1,64;1,68;265000;445200;5;
2020-08-14;1,75;1,78;1,82;1,82;1,78;1,78;1,809;1204722;2178954,04;16;
2020-08-13;1,80;1,82;1,82;1,83;1,80;1,80;1,815;1464763;2658918,26;16;
2020-08-12;1,81;1,82;1,80;1,85;1,78;1,82;1,815;2890555;5245504;24;
2020-08-11;1,70;1,78;1,79;1,79;1,75;1,78;1,77;720714;1275299,5;6;
2020-08-10;1,66;1,78;1,79;1,79;1,78;1,78;1,789;234798;420088,42;7;
2020-08-07;1,70;1,80;1,87;1,87;1,71;1,71;1,761;3476737;6122598,19;15;
2020-08-06;1,80;1,84;1,80;1,83;1,77;1,83;1,805;4784000;8637150;16;
2020-08-05;1,80;1,82;1,86;1,86;1,75;1,80;1,795;3006000;5406090;10;
2020-08-04;1,80;1,86;1,95;1,95;1,86;1,86;1,923;947000;1820650;14;
2020-07-31;1,86;1,95;1,95;1,96;1,80;1,95;1,904;2254045;4291723,25;21;
2020-07-30;1,77;1,95;1,77;1,95;1,75;1,95;1,785;2192500;3912800;15;
2020-07-29;1,83;1,89;1,86;1,90;1,86;1,87;1,88;1307526;2458224,14;14;
2020-07-28;1,86;1,99;1,97;2,10;1,76;1,99;1,958;1275794;2497980,46;16;
2020-07-27;1,82;1,97;1,95;2,00;1,82;1,95;1,957;1037250;2029337,5;11;
2020-07-24;1,81;1,97;1,83;1,97;1,80;1,95;1,854;2200465;4080250,95;9;
2020-07-23;1,83;1,95;1,99;1,99;1,83;1,83;1,848;990050;1829796,9;7;
2020-07-22;1,80;1,96;2,05;2,05;1,90;1,96;1,923;1826400;3511260;14;
2020-07-21;1,98;2,01;2,05;2,05;1,98;2,01;2,019;4409881;8904594,39;40;
2020-07-20;1,98;2,00;2,00;2,18;1,90;1,98;2,015;2624022;5287435,26;25;
2020-07-17;1,80;1,82;1,83;1,85;1,75;1,82;1,79;2142334;3835192,88;18;
2020-07-16;1,80;1,87;1,88;1,88;1,80;1,88;1,856;1011438;1877451,44;9;
2020-07-15;1,82;1,86;1,88;1,89;1,86;1,89;1,88;1104455;2075979,95;12;
2020-07-14;1,85;1,87;1,92;1,92;1,85;1,85;1,863;1190730;2218189,76;8;
2020-07-13;1,82;1,85;1,85;1,88;1,84;1,85;1,853;6701844;12419842,96;21;
2020-07-10;1,78;1,85;1,77;1,85;1,77;1,84;1,826;2189000;3997940;11;
2020-07-09;1,70;1,74;1,61;1,74;1,60;1,74;1,651;2094262;3458091,82;20;
2020-07-08;1,60;1,67;1,79;1,84;1,53;1,60;1,717;4482506;7698244,18;35;
2020-07-07;1,77;1,84;1,77;1,84;1,77;1,77;1,801;1247600;2247312;17;
2020-07-06;1,76;1,80;1,85;1,85;1,76;1,76;1,806;197000;355800;5;
2020-07-03;1,70;1,80;1,85;1,85;1,70;1,70;1,797;263000;472512,25;7;
2020-07-02;1,80;1,82;1,85;1,85;1,70;1,84;1,768;1943000;3434310;11;
2020-07-01;1,79;1,86;1,85;1,89;1,79;1,79;1,843;1758000;3231220;11;
2020-06-30;1,77;1,85;1,77;1,90;1,75;1,79;1,817;3427000;6225000;22;
2020-06-29;1,78;1,85;1,96;1,96;1,77;1,77;1,865;1786500;3296525;10;
2020-06-26;1,95;1,98;2,00;2,00;1,71;1,95;1,863;2408853;4486423,56;20;
2020-06-25;2,05;2,09;2,31;2,31;2,07;2,07;2,186;11574472;25297843,68;68;
2020-06-24;1,96;2,10;2,00;2,10;1,88;2,10;2,028;4784350;9703255;34;
2020-06-23;1,90;1,98;1,88;2,10;1,77;1,99;1,952;3615500;7058845;25;
2020-06-22;1,77;1,88;1,75;1,92;1,75;1,88;1,808;3309785;5985229,5;21;
2020-06-19;1,72;1,80;1,90;1,95;1,68;1,75;1,733;1361470;2359374,65;16;
2020-06-18;1,77;1,95;1,95;1,99;1,77;1,77;1,876;7793000;14618630,8;41;
2020-06-16;1,93;2,02;1,85;2,03;1,85;1,95;1,983;2807500;5555940;18;
2020-06-15;2,04;2,05;2,00;2,16;2,00;2,04;2,075;5530459;11474684,31;43;
2020-06-12;1,98;2,00;2,06;2,06;1,95;2,00;2,015;2490000;5017575;23;
2020-06-11;1,95;2,00;1,90;2,20;1,89;2,00;2,049;4563595;9348799,5;23;
2020-06-10;1,80;1,90;2,08;2,08;1,75;1,90;1,878;1746399;3279911,9;30;
2020-06-09;2,08;2,10;2,25;2,25;2,03;2,10;2,104;4710300;9910476,46;34;
2020-06-08;2,17;2,27;2,30;2,34;2,20;2,27;2,243;2845717;6383509,1;35;
2020-06-05;2,20;2,32;2,30;2,35;2,20;2,20;2,307;7668364;17688650,6;60;
2020-06-04;2,28;2,30;2,27;2,38;2,25;2,30;2,284;2280654;5208843,08;19;
2020-06-03;2,22;2,29;2,25;2,35;2,20;2,27;2,261;7617917;17224723,1;47;
2020-06-02;2,20;2,28;2,40;2,50;2,15;2,28;2,341;4459063;10437310,88;52;
2020-05-29;2,01;2,20;2,40;2,62;2,20;2,20;2,416;6663537;16099448,35;78;
2020-05-28;2,35;2,40;2,30;2,49;2,30;2,40;2,459;14105844;34688237,55;111;
2020-05-27;2,26;2,27;2,10;2,27;2,10;2,27;2,234;11759039;26268988,28;101;
2020-05-26;2,01;2,10;2,00;2,10;1,94;2,10;2,025;15464971;31354528,66;110;
2020-05-25;1,90;1,94;1,71;2,00;1,70;1,90;1,863;8219311;15315496;66;
2020-05-22;1,60;1,62;1,54;1,65;1,50;1,63;1,587;17773709;28140564;124;
2020-05-20;1,55;1,58;1,95;1,95;1,45;1,54;1,578;39711743;63208679,38;120;
2020-05-19;1,90;1,94;1,98;2,00;1,78;1,80;1,858;7805241;14505498,7;45;
2020-05-18;1,95;1,98;1,98;2,00;1,95;1,98;1,983;9899675;19626142,3;86;
2020-05-15;1,96;1,98;1,73;1,99;1,73;1,98;1,905;14855381;28300174,73;112;
2020-05-14;1,65;1,68;1,70;1,70;1,50;1,68;1,615;12210129;19723080,83;59;
2020-05-13;1,67;1,68;1,75;1,75;1,60;1,68;1,688;7511226;12677130,54;68;
2020-05-12;1,50;1,53;1,62;1,62;1,43;1,53;1,499;9410472;14106951,01;69;
2020-05-11;1,62;1,64;1,85;1,85;1,41;1,60;1,584;12158844;19255145,67;89;
2020-05-08;1,69;1,79;1,68;1,85;1,55;1,80;1,70;8459359;14379794,67;74;
2020-05-07;1,55;1,68;1,67;1,74;1,55;1,58;1,634;12800839;20917727,48;64;
2020-05-06;1,51;1,61;1,74;1,80;1,46;1,67;1,598;7676187;12269337,56;81;
2020-05-05;1,70;1,72;1,93;1,93;1,68;1,74;1,805;15037676;27135860,59;119;
2020-05-04;1,90;1,92;2,10;2,10;1,40;1,90;1,778;38753718;68914185,72;243;
2020-04-30;2,37;2,39;2,40;2,40;2,28;2,37;2,349;5789545;13597893,04;55;
2020-04-29;2,35;2,39;2,68;2,68;2,28;2,39;2,377;9950818;23651087,44;59;
2020-04-28;2,45;2,50;2,70;2,70;2,30;2,50;2,554;11122502;28411580,1;93;
2020-04-27;2,50;2,59;2,60;3,00;2,50;2,51;2,731;35421633;96733462,19;131;
2020-04-24;2,40;2,60;2,80;2,88;2,35;2,50;2,54;65066395;163302390,1;194;
2020-04-22;;;3,15;3,17;2,90;2,90;3,087;8406485;25950768,2;39;
2020-04-21;3,12;3,18;3,00;3,33;3,00;3,12;3,143;9661357;30362621,93;30;
2020-04-20;3,16;3,19;3,20;3,20;3,10;3,16;3,194;9856803;31472682,17;40;
2020-04-17;3,15;3,19;3,28;3,40;3,00;3,19;3,20;14091153;45084926,26;72;
2020-04-16;3,40;3,43;3,27;3,43;3,27;3,40;3,356;3623225;12158412,39;26;
2020-04-15;3,25;3,27;3,30;3,30;3,21;3,27;3,27;5861078;19163510,32;39;
2020-04-14;3,25;3,30;3,50;3,50;3,11;3,30;3,26;8078667;26333499,4;61;
2020-04-08;3,36;3,39;3,47;3,49;3,30;3,40;3,386;6066013;20540467,11;34;
2020-04-07;3,47;3,51;3,65;3,65;3,46;3,51;3,51;9090680;31908382,33;42;
2020-04-06;3,58;3,60;3,80;3,80;3,50;3,60;3,573;7300619;26082991,35;51;
2020-04-03;3,59;3,65;3,93;3,93;3,59;3,65;3,728;3222652;12013787,92;26;
2020-04-02;3,50;3,69;3,70;3,71;3,58;3,69;3,66;2378770;8706224;26;
2020-04-01;3,60;3,80;3,80;3,90;3,70;3,70;3,82;4233914;16173145,9;47;
2020-03-31;3,72;3,80;3,75;3,85;3,70;3,80;3,803;5843189;22222421,26;43;
2020-03-30;3,68;3,69;4,00;4,00;3,65;3,69;3,708;5925838;21974508,5;52;
2020-03-27;3,60;3,77;3,75;3,95;3,62;3,62;3,808;6138580;23374559,26;55;
2020-03-26;3,65;3,69;3,80;3,85;3,51;3,70;3,677;4976800;18299721,2;49;
2020-03-25;3,63;3,70;3,70;3,72;3,55;3,71;3,664;13531062;49634938,83;92;
2020-03-24;3,30;3,31;3,60;3,60;3,25;3,25;3,482;6928891;24123356,55;85;
2020-03-23;3,03;3,10;3,00;3,29;2,90;3,08;3,144;43368226;139741383,96;248;
2020-03-20;3,95;3,98;3,85;4,15;3,73;3,95;4,023;17014541;68447908,33;136;
2020-03-19;3,62;3,65;3,50;3,70;3,50;3,65;3,602;11122396;40062970,44;94;
2020-03-18;3,50;3,60;3,15;3,65;3,05;3,30;3,355;17967320;60274729,81;121;
2020-03-17;3,05;3,15;3,45;3,70;3,00;3,00;3,423;11453698;38909142,77;84;
2020-03-16;3,47;3,48;3,70;3,70;3,38;3,45;3,49;14239353;49689606,38;164;
2020-03-13;4,11;4,20;3,90;4,30;3,88;4,20;4,074;39755338;161257043,07;172;
2020-03-12;3,86;4,02;3,90;4,35;3,85;3,86;3,977;32264420;128327746,92;227;
2020-03-11;5,00;5,06;5,27;5,27;5,00;5,00;5,138;14115952;72527387,9;65;
2020-03-10;5,00;5,09;5,14;5,40;5,09;5,09;5,211;46331042;241590929,83;124;
2020-03-09;5,02;5,08;5,03;5,10;4,81;5,09;4,953;36834421;182449727;98;
2020-03-06;5,28;5,33;5,48;5,48;5,20;5,30;5,31;22271743;118254775,35;66;
2020-03-05;5,50;5,60;5,90;5,90;5,50;5,55;5,654;17895650;101188245,2;54;
2020-03-04;5,83;5,91;6,02;6,08;5,89;5,91;6,007;41592126;249848519,04;59;
2020-03-03;5,96;6,02;6,00;6,09;5,93;5,99;5,993;29836958;178494694,1;86;
2020-03-02;5,61;5,65;5,68;5,83;5,61;5,65;5,696;35377278;201478132,69;95;
2020-02-28;5,89;6,50;5,80;6,45;5,67;5,97;6,066;41533872;251819562,4;99;
2020-02-27;6,00;6,07;6,70;6,70;6,06;6,06;6,305;31647558;199816102,97;65;
2020-02-26;6,67;6,71;6,77;6,77;6,30;6,71;6,521;34620539;225762873,24;111;
2020-02-25;;;7,62;7,64;6,90;6,90;7,196;37952841;273095623,96;84;
2020-02-24;7,65;7,73;7,50;8,00;7,50;7,73;7,814;32502062;253883860,92;61;
2020-02-21;8,45;8,52;8,575;8,575;8,47;8,47;8,513;13000000;110665000;6;
2020-02-20;8,53;8,62;8,61;8,65;8,57;8,57;8,618;13107000;113043880,8;12;
2020-02-19;8,57;8,67;8,55;8,62;8,55;8,62;8,583;8418873;72258214,15;13;
2020-02-18;8,50;8,55;8,30;8,60;8,30;8,50;8,456;7178412;60697882;14;
2020-02-17;8,26;8,37;8,27;8,30;8,22;8,30;8,278;2719000;22506810;8;
2020-02-14;8,36;8,45;8,58;8,60;8,36;8,36;8,523;9555885;81443370,2;14;
2020-02-13;8,48;8,59;8,41;8,60;8,29;8,58;8,447;11792761;99616551,14;21;
2020-02-12;8,49;8,55;8,57;8,57;8,54;8,55;8,537;2900000;24755900;10;
2020-02-11;8,51;8,60;8,60;8,69;8,51;8,51;8,606;5838632;50244260,86;16;
2020-02-10;8,59;8,65;8,72;8,73;8,50;8,65;8,636;18610386;160721238,9;30;
2020-02-07;8,64;8,83;8,80;9,15;8,61;8,82;8,866;81241648;720104593,8;96;
2020-02-06;8,14;8,24;8,01;8,25;8,01;8,23;8,165;30324099;247600260,35;54;
2020-02-05;7,92;7,96;7,75;7,96;7,75;7,96;7,853;18891301;148354270,4;24;
2020-02-04;7,57;7,67;7,43;7,69;7,43;7,57;7,561;8603012;65045406,16;21;
2020-02-03;7,35;7,40;7,30;7,37;7,23;7,37;7,325;12343290;90414633,7;28;
2020-01-31;7,39;7,47;7,39;7,47;7,35;7,35;7,393;7399134;54698338,98;17;
2020-01-30;7,40;7,51;7,61;7,61;7,40;7,40;7,472;19790083;147874822,01;25;
2020-01-29;7,65;7,74;7,785;7,785;7,65;7,65;7,698;10452043;80458007,19;19;
2020-01-28;7,71;7,82;7,80;7,81;7,64;7,81;7,738;9415596;72856955,16;24;
2020-01-27;7,85;7,91;7,99;8,04;7,70;7,85;7,915;34133918;270168715,7;50;
2020-01-24;8,12;8,20;7,96;8,16;7,96;8,16;8,043;12718110;102288755,6;21;
2020-01-23;7,90;7,98;8,00;8,00;7,795;7,925;7,894;19319928;152504884;29;
2020-01-22;8,10;8,23;8,25;8,28;8,14;8,14;8,192;6100500;49973435;19;
2020-01-21;8,46;8,55;8,50;8,55;8,46;8,46;8,483;2297637;19490243,02;6;
2020-01-20;8,46;8,50;8,49;8,56;8,45;8,49;8,481;4289930;36382338,5;12;
2020-01-17;8,69;8,75;8,63;8,76;8,63;8,70;8,701;17291710;150458644,6;16;
2020-01-16;8,58;8,65;8,36;8,65;8,36;8,63;8,513;22801000;194104230;25;
2020-01-15;8,31;8,40;8,30;8,40;8,25;8,40;8,337;3582777;29870412,95;10;
2020-01-14;8,25;8,35;8,33;8,35;8,24;8,35;8,29;11602000;96177740;14;
2020-01-13;8,36;8,42;8,42;8,45;8,34;8,39;8,409;21956781;184632647,47;34;
2020-01-10;8,26;8,37;7,90;8,37;7,79;8,37;8,129;51351923;416607140,85;45;
2020-01-09;7,80;7,85;7,78;7,88;7,78;7,84;7,835;6318345;49406474,25;20;
2020-01-08;7,56;7,67;7,61;7,64;7,55;7,64;7,608;9793228;74505887,8;21;
2020-01-07;7,65;7,75;7,65;7,98;7,65;7,70;7,833;39686196;310722198,48;40;
2020-01-06;7,31;7,38;7,30;7,38;7,28;7,38;7,331;13980000;102781030;23;
2020-01-03;7,54;7,60;7,70;7,70;7,54;7,54;7,615;7682307;58489447,7;12;
2020-01-02;7,85;7,90;7,61;7,85;7,61;7,845;7,773;21081191;163385063,36;26;
2019-12-30;7,45;7,55;7,44;7,55;7,44;7,55;7,493;5860451;44111059,33;15;
2019-12-27;7,46;7,54;7,55;7,55;7,46;7,54;7,532;8285800;62403886;10;
2019-12-23;7,55;7,65;7,95;8,08;7,64;7,64;7,842;17878866;140197423,76;34;
2019-12-20;7,59;7,70;7,61;7,70;7,59;7,645;7,633;13208500;100723292,5;13;
2019-12-19;7,50;7,61;7,54;7,555;7,47;7,50;7,537;13472800;101545979;12;
2019-12-18;7,50;7,58;7,53;7,69;7,53;7,54;7,585;24963605;189251707,45;37;
2019-12-17;7,42;7,49;7,55;7,55;7,38;7,49;7,452;26056484;194266339,43;42;
2019-12-16;7,72;7,75;7,87;7,87;7,68;7,75;7,797;22962893;178989428,78;31;
2019-12-13;7,95;8,06;8,57;8,57;7,96;7,96;8,198;41075000;336721500;34;
2019-12-12;8,50;8,55;8,52;8,52;8,50;8,50;8,513;2857222;24323871,44;12;
2019-12-11;8,51;8,60;8,60;8,62;8,40;8,54;8,506;37872005;322204225,61;38;
2019-12-10;8,64;8,73;8,61;8,70;8,58;8,64;8,64;9120000;78795600;17;
2019-12-09;8,60;8,68;8,37;8,75;8,37;8,68;8,62;35343928;304659390,06;50;
2019-12-06;8,45;8,48;8,15;8,44;8,15;8,44;8,315;21132816;175723362,95;45;
2019-12-05;8,00;8,05;8,00;8,05;8,00;8,00;8,001;5299000;42395000;9;
2019-12-04;7,95;8,05;7,72;8,06;7,72;8,00;7,931;26734682;212040858,04;38;
2019-12-03;7,72;7,83;7,75;7,85;7,75;7,82;7,794;10434952;81325750,2;9;
2019-12-02;7,68;7,78;7,69;7,78;7,65;7,70;7,704;7617654;58684461,5;19;
2019-11-29;7,70;7,92;8,00;8,00;7,73;7,81;7,884;21773891;171657833,61;28;
2019-11-28;7,97;8,01;7,84;8,10;7,84;8,01;8,04;47345200;380671424;42;
2019-11-27;7,73;7,79;7,35;7,79;7,35;7,76;7,641;30722705;234765611,1;34;
2019-11-26;7,35;7,40;7,46;7,46;7,46;7,46;7,46;13000;96980;1;
2019-11-25;7,37;7,46;7,42;7,46;7,42;7,46;7,424;148500;1102410;2;
2019-11-22;7,37;7,45;7,36;7,53;7,36;7,42;7,426;17099300;126984029;18;
2019-11-21;7,27;7,30;7,42;7,43;7,33;7,33;7,352;8153898;59943534,72;11;
2019-11-20;7,38;7,44;7,91;7,98;7,41;7,44;7,682;27822615;213305067,68;36;
2019-11-19;7,80;7,83;7,15;7,83;7,15;7,83;7,493;46210237;346609487,95;47;
2019-11-18;7,10;7,13;7,16;7,20;7,12;7,12;7,126;11391751;81176107,12;12;
2019-11-15;7,14;7,22;7,22;7,22;7,18;7,20;7,20;611630;4403533,4;7;
2019-11-14;7,20;7,25;7,40;7,40;7,23;7,23;7,317;7006400;51146371;12;
2019-11-13;7,40;7,51;7,60;7,66;7,47;7,47;7,575;5752616;43360963,56;17;
2019-11-12;7,56;7,66;7,75;7,83;7,58;7,58;7,733;16146800;124865674;22;
2019-11-11;7,55;7,62;7,55;7,63;7,55;7,55;7,585;2017400;15297902;9;
2019-11-08;7,55;7,63;7,65;7,65;7,59;7,59;7,608;5432000;41323800;10;
2019-11-07;7,66;7,70;7,63;7,83;7,63;7,66;7,721;19930084;153886865,2;27;
2019-11-06;7,47;7,50;7,46;7,51;7,42;7,50;7,464;4671361;34868893,86;16;
2019-11-05;7,46;7,50;7,40;7,69;7,30;7,46;7,504;40758125;305954185,5;66;
2019-11-04;7,65;7,74;7,35;7,75;7,35;7,66;7,564;53322987;403492772,46;87;
2019-11-01;7,10;7,28;7,15;7,70;7,10;7,19;7,169;14490915;106043892,9;26;
2019-10-31;6,69;6,77;6,71;6,86;6,67;6,67;6,782;32032085;217245060,95;42;
2019-10-30;6,64;6,67;6,44;6,88;6,44;6,65;6,635;21277722;141184131,47;37;
2019-10-29;6,40;6,44;6,30;6,39;6,30;6,39;6,345;17315500;109864800;26;
2019-10-28;6,26;6,31;6,61;6,70;6,15;6,31;6,377;15872736;101212036,2;40;
2019-10-25;5,67;5,73;5,75;5,75;5,66;5,68;5,693;6780309;38600915,12;15;
2019-10-24;5,75;5,77;5,94;5,94;5,76;5,79;5,815;11863500;68856610;23;
2019-10-23;5,85;5,93;5,86;5,93;5,79;5,93;5,872;3633200;21333046,7;19;
2019-10-22;5,78;5,82;5,59;5,81;5,59;5,81;5,743;23109000;132844706,05;39;
2019-10-21;5,49;5,56;5,54;5,56;5,48;5,50;5,518;5325300;29384762;12;
2019-10-18;5,50;5,54;5,53;5,54;5,39;5,54;5,459;35394804;193227569,48;56;
2019-10-17;5,55;5,61;5,80;5,80;5,60;5,61;5,675;6322413;35881295,4;13;
2019-10-16;5,76;5,81;5,90;5,90;5,75;5,81;5,833;6690000;39022000;7;
2019-10-15;5,87;5,92;5,92;5,92;5,82;5,87;5,886;6325373;37232621,36;18;
2019-10-14;5,99;6,00;6,05;6,05;5,92;6,00;5,97;3606946;21532455,82;17;
2019-10-11;6,02;6,04;6,00;6,05;6,00;6,05;6,025;7250000;43681250;17;
2019-10-10;5,96;6,00;5,92;6,00;5,92;5,95;5,963;6000000;35779000;25;
2019-10-09;5,87;5,91;6,00;6,00;5,77;5,87;5,873;28132806;165211515,82;51;
2019-10-08;6,00;6,05;6,29;6,29;6,00;6,00;6,137;10134687;62192477,74;40;
2019-10-07;6,24;6,30;6,25;6,38;6,15;6,29;6,243;15867492;99065317,29;30;
2019-10-04;6,30;6,33;6,30;6,33;6,30;6,33;6,303;1232181;7765990,3;8;
2019-10-03;6,30;6,35;6,35;6,39;6,34;6,35;6,358;2575000;16372250;12;
2019-10-02;6,30;6,35;6,40;6,40;6,27;6,35;6,358;5462500;34732963,09;16;
2019-10-01;6,50;6,51;6,41;6,51;6,41;6,50;6,48;4102150;26582077,5;18;
2019-09-30;6,40;6,41;6,38;6,41;6,38;6,41;6,39;1046806;6689467,28;6;
2019-09-27;6,39;6,44;6,48;6,48;6,39;6,44;6,434;3693000;23758921,38;10;
2019-09-26;6,48;6,57;6,70;6,70;6,48;6,48;6,583;11472895;75517647,2;16;
2019-09-25;6,50;6,54;6,61;6,61;6,48;6,48;6,542;7747000;50676934;20;
2019-09-24;6,61;6,69;6,73;6,73;6,65;6,67;6,668;3857250;25721755;8;
2019-09-23;6,68;6,72;6,70;6,80;6,65;6,72;6,692;14026070;93854354,1;39;
2019-09-20;6,51;6,58;6,57;6,59;6,51;6,54;6,551;8919165;58431839,1;15;
2019-09-19;6,54;6,56;6,68;6,69;6,52;6,54;6,584;10688071;70372286,92;28;
2019-09-18;6,74;6,76;6,61;6,77;6,61;6,76;6,701;13631500;91350005;40;
2019-09-17;6,50;6,55;6,44;6,55;6,40;6,55;6,466;16124670;104261290,3;36;
2019-09-16;6,45;6,49;6,65;6,67;6,41;6,49;6,523;21125757;137794019,91;52;
2019-09-13;6,75;6,81;6,81;6,81;6,78;6,78;6,809;574200;3909702;7;
2019-09-12;6,78;6,80;6,78;6,81;6,78;6,80;6,801;6778060;45927168;12;
2019-09-11;6,78;6,82;6,85;6,95;6,74;6,77;6,812;6195897;42207644,15;23;
2019-09-10;6,80;6,85;6,89;6,90;6,85;6,85;6,865;6908776;47422269,1;18;
2019-09-09;6,91;6,98;6,80;6,99;6,75;6,98;6,882;16722293;115089717,29;36;
2019-09-06;6,85;6,90;7,10;7,10;6,75;6,85;6,93;13970348;96810734,32;41;
2019-09-05;7,16;7,20;7,20;7,20;7,18;7,18;7,198;163888;1179575,84;5;
2019-09-04;7,14;7,18;7,19;7,19;7,17;7,18;7,186;118500;851590;4;
2019-09-03;7,12;7,18;7,12;7,18;7,12;7,18;7,139;7620110;54398297,2;5;
2019-09-02;7,18;7,19;7,35;7,35;7,14;7,19;7,196;5674111;40829169,86;24;
2019-08-30;7,12;7,35;7,00;7,30;7,00;7,30;7,088;4919854;34996335,91;18;
2019-08-29;6,93;7,02;6,90;6,99;6,70;6,93;6,817;37054557;252604075,2;66;
2019-08-28;6,99;7,00;7,27;7,27;6,90;7,00;7,025;28608506;200978728,7;41;
2019-08-27;7,20;7,27;7,25;7,27;7,25;7,25;7,251;4184637;30344010,99;9;
2019-08-26;7,31;7,36;7,40;7,40;7,31;7,31;7,348;1000000;7347508;9;
2019-08-23;7,31;7,39;7,30;7,40;7,30;7,32;7,339;25781572;189216267,01;41;
2019-08-22;7,20;7,29;7,17;7,28;7,11;7,28;7,17;20921805;150345498,37;26;
2019-08-21;7,10;7,13;7,13;7,13;7,10;7,13;7,11;7148379;50826742,27;21;
2019-08-20;7,02;7,09;7,00;7,08;6,89;7,08;6,974;11992145;83895789,77;51;
2019-08-19;6,90;6,99;7,49;7,49;6,93;6,98;7,104;58258086;413874498,5;83;
2019-08-16;7,50;7,60;7,61;7,64;7,50;7,50;7,591;14336846;108834303,45;38;
2019-08-15;7,60;7,71;8,02;8,02;7,60;7,60;7,823;15893080;124334502,58;28;
2019-08-14;7,98;8,04;7,99;8,10;7,98;7,98;8,024;8999235;72207807,94;21;
2019-08-13;7,94;7,95;8,15;8,15;7,82;7,95;8,00;17765797;142127302,24;38;
2019-08-12;8,20;8,25;8,17;8,22;8,17;8,20;8,192;278333;2279992,66;5;
2019-08-09;8,16;8,23;8,04;8,23;8,04;8,17;8,151;18864783;153764742,11;28;
2019-08-08;8,01;8,05;8,20;8,20;8,01;8,05;8,057;8704423;70130881,15;22;
2019-08-07;8,16;8,19;8,29;8,29;8,10;8,16;8,19;23290000;190750000;28;
2019-08-06;8,28;8,31;8,41;8,41;8,25;8,31;8,311;8039590;66808212;34;
2019-08-02;8,36;8,54;8,50;8,55;8,20;8,40;8,402;30013731;252209795,63;77;
2019-08-01;9,16;9,28;9,25;9,29;9,16;9,28;9,224;8050000;74241822;30;
2019-07-31;9,24;9,25;9,15;9,22;9,12;9,22;9,181;6934930;63667539,06;17;
2019-07-30;9,18;9,25;9,08;9,20;9,06;9,19;9,168;6963300;63850522;12;
2019-07-29;9,14;9,17;9,10;9,18;9,10;9,14;9,13;3665442;33464239,42;11;
2019-07-26;8,94;9,03;9,00;9,03;8,94;8,94;8,973;1692968;15191712;8;
2019-07-25;8,90;8,92;9,00;9,00;8,90;8,90;8,944;1388707;12420992,3;7;
2019-07-24;8,93;9,03;8,73;9,00;8,70;9,00;8,866;20826582;184734741,59;33;
2019-07-23;8,90;9,00;8,98;9,015;8,90;8,90;8,963;16485451;147766409,45;27;
2019-07-22;9,06;9,19;9,00;9,15;9,00;9,15;9,11;12459000;113494980;15;
2019-07-19;9,02;9,13;9,13;9,33;9,05;9,05;9,172;11961148;109710409,88;20;
2019-07-18;9,00;9,03;9,20;9,20;8,95;9,00;9,033;10482058;94683020,7;21;
2019-07-17;9,20;9,24;9,20;9,20;9,18;9,20;9,197;370000;3402940;5;
2019-07-16;9,18;9,22;9,33;9,33;9,20;9,22;9,256;3645741;33744991,14;10;
2019-07-15;9,28;9,39;9,28;9,49;9,27;9,39;9,386;14361680;134795110,39;46;
2019-07-12;9,21;9,27;9,50;9,50;9,21;9,21;9,312;20384531;189814078,37;68;
2019-07-11;9,85;9,91;9,96;9,96;9,80;9,91;9,841;18696700;184001506;23;
2019-07-10;9,96;10,04;10,15;10,15;9,80;9,96;9,979;24601111;245487170;34;
2019-07-09;10,39;10,45;10,46;10,61;10,35;10,45;10,461;15671800;163934370;20;
2019-07-08;10,15;10,30;10,25;10,25;10,05;10,20;10,147;10334377;104861751,22;15;
2019-07-05;10,28;10,39;10,09;10,37;10,09;10,29;10,255;14843160;152215923,2;18;
2019-07-04;9,94;10,00;10,00;10,00;9,94;10,00;9,984;3185000;31799500;4;
2019-07-03;9,88;9,98;10,00;10,00;9,88;9,88;9,935;414959;4122645,92;5;
2019-07-02;9,93;10,00;9,82;10,03;9,82;9,93;9,943;5625500;55932335,03;20;
2019-07-01;9,76;9,88;9,90;9,90;9,50;9,81;9,688;21260716;206016714,84;39;
2019-06-28;9,90;10,10;10,10;10,17;9,90;9,90;10,039;20643159;206920164,1;27;
2019-06-27;10,10;10,20;10,25;10,25;10,10;10,10;10,168;8872340;90216852;16;
2019-06-26;10,28;10,43;10,65;10,65;10,35;10,35;10,456;14828400;155047906;22;
2019-06-25;10,65;10,75;10,90;10,90;10,69;10,72;10,734;8708880;93481886,4;8;
2019-06-24;10,81;10,90;10,88;10,96;10,83;10,83;10,875;5716500;62167545;11;
2019-06-21;10,85;10,94;10,80;10,93;10,80;10,93;10,841;8790010;94553464,3;14;
2019-06-20;10,71;10,80;10,62;10,80;10,60;10,80;10,691;5082227;54335785,07;10;
2019-06-19;10,62;10,73;10,70;10,73;10,60;10,62;10,693;8587200;91822462,12;13;
2019-06-18;10,70;10,73;10,62;10,70;10,60;10,70;10,685;2095435;22419716,34;6;
2019-06-14;10,62;10,64;10,65;10,66;10,53;10,66;10,629;14598486;155167234,76;15;
2019-06-13;10,65;10,80;11,06;11,15;10,70;10,70;10,899;14788000;161166840;18;
2019-06-12;11,06;11,18;11,10;11,10;11,06;11,06;11,092;638538;7082570,28;6;
2019-06-11;11,06;11,13;11,08;11,15;11,08;11,10;11,105;6754105;75005468,76;14;
2019-06-07;10,96;11,03;11,20;11,20;10,96;10,96;11,02;9020738;99410450,48;27;
2019-06-06;10,75;10,90;10,75;10,96;10,725;10,90;10,832;15942185;172618033,15;30;
2019-06-05;10,63;10,68;10,35;10,68;10,35;10,65;10,549;21724674;229166249,68;38;
2019-06-04;10,32;10,38;10,32;10,35;10,32;10,32;10,335;2362961;24426257,52;11;
2019-06-03;10,32;10,38;10,17;10,39;10,17;10,32;10,315;15229646;157097308,13;30;
2019-05-31;10,02;10,08;10,05;10,10;10,01;10,08;10,054;2687800;27022212,28;15;
2019-05-29;10,01;10,08;9,93;10,12;9,93;10,08;10,074;17237676;173644945,45;16;
2019-05-28;9,85;9,96;9,95;10,05;9,85;9,905;9,93;3395756;33718436,6;10;
2019-05-27;9,95;10,07;10,25;10,25;9,96;9,96;10,083;8862048;89357721,14;12;
2019-05-24;10,25;10,30;9,92;10,30;9,87;10,30;10,007;82941814;830035739,18;25;
2019-05-23;9,96;9,99;10,05;10,05;9,80;9,99;9,881;26575000;262597300;20;
2019-05-22;10,05;10,18;10,18;10,18;10,05;10,10;10,153;5294950;53758497,5;6;
2019-05-21;9,99;10,09;10,07;10,08;9,99;10,08;10,044;3215000;32291400;5;
2019-05-20;10,00;10,15;10,20;10,29;9,99;10,05;10,137;18127244;183572538,95;24;
2019-05-17;10,20;10,30;10,01;10,30;10,01;10,20;10,139;21516933;218726431,6;25;
2019-05-16;9,87;10,01;9,94;10,01;9,88;10,00;9,961;2566500;25563800;7;
2019-05-15;9,82;9,92;9,90;9,90;9,82;9,82;9,878;12474000;123215000;11;
2019-05-14;9,78;9,90;10,05;10,05;9,77;9,84;9,89;10429609;103144839,91;21;
2019-05-13;10,10;10,18;10,40;10,43;10,04;10,10;10,293;12150621;125060286,9;17;
2019-05-10;10,41;10,43;10,43;10,48;10,31;10,44;10,36;16695992;172975706,98;33;
2019-05-09;10,42;10,47;9,95;10,45;9,93;10,43;10,286;24465048;251701193,98;51;
2019-05-08;9,94;10,00;9,54;10,00;9,54;10,00;9,796;25239789;247252626,66;59;
2019-05-07;9,34;9,40;9,05;9,48;9,05;9,34;9,263;12774811;118337352,65;31;
2019-05-06;8,95;9,06;9,00;9,06;8,65;9,06;8,907;48295897;430378665,74;45;
2019-05-03;9,02;9,05;8,98;9,05;8,98;9,04;8,997;13577715;122159502;16;
2019-05-02;8,98;9,05;9,18;9,18;8,98;8,98;9,098;5160209;46947841,52;19;
2019-04-30;9,13;9,23;9,25;9,28;9,10;9,175;9,14;18308156;167337149,54;21;
2019-04-29;9,13;9,23;9,02;9,23;9,00;9,23;9,123;14105016;128684234,92;37;
2019-04-26;8,94;8,99;8,935;8,98;8,87;8,93;8,932;39869220;357179096,8;21;
2019-04-24;8,93;9,00;8,91;9,00;8,91;8,98;8,979;18887367;169541764,01;11;
2019-04-23;8,92;9,00;9,00;9,10;8,92;9,00;8,998;4675324;42070012;15;
2019-04-17;9,10;9,17;9,19;9,20;9,10;9,10;9,139;3115000;28466930;17;
2019-04-16;9,15;9,20;9,38;9,38;9,06;9,20;9,217;9748360;89853123,8;18;
2019-04-15;9,45;9,50;9,50;9,50;9,45;9,45;9,492;3046523;28918839,65;11;
2019-04-12;9,57;9,66;9,61;9,66;9,56;9,66;9,604;2145039;20601301,27;9;
2019-04-11;9,56;9,60;9,60;9,69;9,55;9,56;9,574;2123614;20332305,96;11;
2019-04-10;9,60;9,69;9,87;9,95;9,50;9,69;9,678;12836576;124235616,76;31;
2019-04-09;9,87;9,92;9,94;9,97;9,88;9,92;9,94;14396719;143102698,29;19;
2019-04-08;9,79;9,88;9,97;9,97;9,73;9,82;9,86;16917360;166796246,8;29;
2019-04-05;10,00;10,10;10,10;10,10;9,97;10,00;10,021;4539050;45515630;17;
2019-04-04;10,20;10,33;10,50;11,00;10,20;10,33;10,538;28242268;298517807,32;77;
2019-04-03;10,35;10,38;10,40;10,80;10,15;10,38;10,316;31199423;321865476,2;105;
2019-04-02;9,51;9,59;9,95;10,18;9,51;9,59;9,793;21709934;213009149,44;48;
2019-04-01;9,62;9,70;9,35;9,70;9,35;9,70;9,599;23856550;229008254,39;64;
2019-03-29;9,20;9,26;9,40;9,79;9,10;9,26;9,308;39046848;363139991,52;95;
2019-03-28;9,25;9,36;9,40;10,45;9,10;9,36;9,556;34114984;325997544,12;220;
2019-03-27;8,05;8,17;7,90;8,17;7,79;8,17;7,921;9040994;71613237,28;33;
2019-03-26;8,00;8,11;9,00;9,00;8,00;8,11;8,479;9571699;81148911,29;28;
2019-03-25;9,00;9,10;9,19;9,23;8,50;9,00;8,964;20521426;183959895,84;69;
2019-03-22;9,00;9,14;10,82;10,84;9,10;9,10;9,689;80851229;784212754,09;198;
2019-03-21;8,55;8,60;8,05;8,70;8,03;8,60;8,424;64628802;544268175,11;89;
2019-03-20;7,87;7,98;8,00;8,24;7,68;7,98;7,892;21040584;166056434,46;55;
2019-03-19;7,17;7,23;7,25;7,25;7,10;7,20;7,152;12947609;92893108,05;34;
2019-03-18;7,23;7,25;7,22;7,25;7,18;7,24;7,198;5150454;37074215,72;18;
2019-03-15;7,15;7,20;7,40;7,50;7,03;7,21;7,193;21500114;154645339,78;66;
2019-03-14;7,50;7,55;7,47;7,55;7,35;7,50;7,495;20587010;154296790,12;45;
2019-03-13;7,37;7,48;7,10;7,46;6,97;7,46;7,194;28990370;208555996,45;83;
2019-03-12;7,01;7,14;7,50;7,53;6,73;7,10;7,024;68557876;481597051,62;152;
2019-03-11;7,42;7,48;7,59;7,64;7,30;7,48;7,488;40871841;306114300,84;105;
2019-03-08;8,24;8,25;8,55;8,57;8,215;8,28;8,38;16783720;140645018,35;36;
2019-03-07;8,65;8,70;8,89;9,05;8,60;8,70;8,863;22041856;195366532,86;33;
2019-03-06;8,80;8,85;9,15;9,21;8,81;8,85;9,077;16270947;147686378,9;47;
2019-03-05;9,11;9,20;8,99;9,48;8,99;9,19;9,241;29178732;269630787,74;61;
2019-03-04;8,80;8,88;8,54;8,88;8,50;8,88;8,659;12050413;104344225,84;38;
2019-03-01;8,36;8,45;8,35;8,76;8,35;8,35;8,564;37718663;322812859,1;84;
2019-02-28;8,06;8,15;7,60;8,15;7,60;8,15;7,857;44125841;346722881,55;51;
2019-02-27;7,56;7,64;7,56;7,62;7,515;7,58;7,573;11121821;84220326,76;27;
2019-02-26;7,65;7,73;7,86;7,86;7,68;7,70;7,705;15056225;116013946,66;30;
2019-02-25;7,80;7,86;7,85;7,86;7,80;7,86;7,858;1554108;12211667,88;23;
2019-02-22;7,80;7,85;7,99;7,99;7,75;7,85;7,86;15039806;118208812,86;51;
2019-02-21;8,03;8,14;8,27;8,27;8,00;8,07;8,15;26223901;215258057,21;33;
2019-02-20;8,30;8,37;8,20;8,37;8,00;8,37;8,185;17544837;143597108,69;27;
2019-02-19;8,20;8,23;8,57;8,60;8,19;8,23;8,305;17040569;141521247,16;40;
2019-02-18;8,56;8,59;8,40;8,69;8,40;8,58;8,566;22747543;194904660,43;73;
2019-02-15;8,18;8,29;7,99;8,39;7,98;8,25;8,187;29398089;240682638,05;46;
2019-02-14;8,05;8,06;7,97;8,06;7,97;8,06;8,005;11161358;89275884;42;
2019-02-13;7,94;8,01;8,10;8,10;7,84;7,95;7,929;37922645;300804753,25;43;
2019-02-12;8,08;8,11;8,15;8,23;8,00;8,08;8,146;14861575;120940968,93;46;
2019-02-11;8,21;8,22;8,60;8,60;8,01;8,22;8,176;31179545;254930131,35;79;
2019-02-08;8,59;8,74;8,70;9,10;8,01;8,67;8,733;36214909;316149463,24;137;
2019-02-07;10,31;10,39;10,30;10,45;10,06;10,31;10,296;23362000;240525120;27;
2019-02-06;10,30;10,36;10,45;10,45;10,31;10,31;10,387;18504000;192089305;38;
2019-02-05;10,32;10,43;10,40;10,55;10,35;10,35;10,415;28495300;296790720;26;
2019-02-04;10,37;10,50;10,62;10,62;10,36;10,36;10,496;5984163;62750454,9;16;
2019-02-01;10,46;10,58;10,54;10,67;10,44;10,58;10,525;10978144;115549426,87;16;
2019-01-31;10,54;10,65;10,75;10,75;10,55;10,65;10,623;10361300;110072295,61;20;
2019-01-30;10,85;10,90;10,99;11,03;10,80;10,80;10,941;23360000;255188682,64;28;
2019-01-29;10,78;10,93;10,79;10,94;10,78;10,90;10,842;8565100;92863226,29;20;
2019-01-28;10,72;10,85;10,55;10,85;10,55;10,71;10,743;9507812;102146092,82;21;
2019-01-25;10,60;10,70;10,69;10,71;10,54;10,60;10,674;8944893;95480502,22;18;
2019-01-24;10,75;10,86;10,48;10,92;10,48;10,72;10,698;21055191;225354719,92;23;
2019-01-23;10,40;10,42;10,42;10,42;10,38;10,41;10,401;8780263;91320467,2;11;
2019-01-22;10,22;10,30;10,30;10,30;10,22;10,30;10,265;1990567;20433494,74;11;
2019-01-21;10,20;10,30;10,21;10,30;10,13;10,30;10,227;9138075;93450999,75;13;
2019-01-18;10,09;10,20;10,075;10,20;10,00;10,13;10,099;11764949;118812446,5;19;
2019-01-17;10,08;10,22;10,05;10,40;10,05;10,08;10,241;17226050;176406651,86;33;
2019-01-16;9,94;10,00;9,99;10,05;9,90;10,00;9,946;12654591;125861157,84;28;
2019-01-15;9,70;9,84;9,94;9,94;9,71;9,71;9,906;13719500;135884735;17;
2019-01-14;9,77;9,88;9,72;9,86;9,72;9,86;9,771;9000000;87940000;16;
2019-01-11;9,70;9,73;9,65;9,73;9,65;9,70;9,697;4842700;46892310;12;
2019-01-10;9,60;9,72;9,88;9,90;9,65;9,65;9,76;8698445;84893463,05;15;
2019-01-09;9,92;10,01;9,77;10,01;9,77;10,01;9,891;5837251;57734340,94;15;
2019-01-08;9,70;9,76;9,80;9,90;9,75;9,76;9,827;9760924;95916920,2;15;
2019-01-07;9,44;9,50;9,45;9,50;9,43;9,50;9,48;6861299;65041274,78;13;
2019-01-04;9,34;9,42;9,12;9,45;9,03;9,42;9,208;29122783;269230733,15;31;
2019-01-03;9,20;9,31;9,55;9,55;9,18;9,18;9,374;7108794;66638103,3;18;
2019-01-02;9,46;9,55;9,45;9,58;9,45;9,46;9,527;3180541;30327467,34;13;
